ix_c,ix_n,system,conf_d,conf_t,frame,c_o_carb,c_o_oh,to_filter
178,180,single,0.1205,1.1795,97,0.12442409638554218,0.1335686746987952,True
178,180,single,0.1215,1.1220,99,0.123892,0.13484800000000002,True
178,180,single,0.1230,1.0480,98,0.12339005235602094,0.13371989528795813,True
178,180,single,0.1250,1.1545,97,0.12320348837209302,0.1331017441860465,True
178,180,single,0.1275,0.9885,98,0.1242746913580247,0.1344104938271605,True
178,180,single,0.1295,1.1040,97,0.122954,0.134596,True
178,180,single,0.1320,1.0195,98,0.12335737704918033,0.13472786885245902,True
178,180,single,0.1340,1.0570,97,0.1235161943319838,0.13546558704453443,True
178,180,single,0.1350,1.2620,99,0.129308,0.140678,True
178,180,single,0.1480,1.1645,99,0.12515062761506277,0.13819246861924686,True
178,180,single,0.1520,1.1105,99,0.1265063613231552,0.13091094147582696,True
178,180,single,0.1565,1.0855,99,0.12726448362720402,0.13026448362720403,True
178,180,single,0.1610,1.0840,99,0.12366877637130802,0.1356012658227848,True
178,180,single,0.1650,1.0695,99,0.12508510638297873,0.13463829787234044,True
178,180,single,0.1660,0.8750,98,0.124122,0.15115800000000001,True
178,180,single,0.1695,1.0590,99,0.127366,0.129662,True
276,278,single,0.1165,1.2585,100,0.344912,0.12476999999999999,True
276,278,single,0.1210,1.2130,100,0.36410000000000003,0.12583,True
276,278,single,0.1255,1.2030,100,0.35657,0.125636,True
276,278,single,0.1300,1.1830,100,0.43329199999999995,0.125456,True
276,278,triple,0.1240,1.9280,98,0.12755,0.13520600000000002,True
276,278,triple,0.1285,1.8920,98,0.13714,0.126104,True
276,278,triple,0.1330,1.8125,98,0.13287000000000002,0.13208799999999998,True
276,278,triple,0.1370,1.7610,98,0.12789,0.133606,True
276,278,triple,0.1410,1.6835,98,0.12932,0.143166,True
276,278,triple,0.1745,0.9615,99,0.129896,0.137046,True
276,278,triple,0.1950,1.1620,96,0.126576,0.142766,True
745,747,single,0.1445,1.2285,100,0.125,0.13910666666666666,True
745,747,single,0.1530,1.0850,100,0.1270590909090909,0.13345227272727272,True
745,747,triple,0.1265,1.5235,99,0.12689444444444445,0.13168611111111111,True
745,747,triple,0.1285,1.2770,95,0.1301904761904762,0.1432238095238095,True
745,747,triple,0.1560,1.2015,99,0.12625,0.1403472222222222,True
745,747,triple,0.1655,0.9190,95,0.12992941176470588,0.14496764705882353,True
745,747,triple,0.1700,0.8550,95,0.1280970588235294,0.1416058823529412,True
802,804,single,0.1220,1.6030,93,0.13063,0.136246,True
802,804,single,0.1350,1.6830,93,0.12920304568527918,0.139753807106599,True
802,804,triple,0.1300,1.3140,96,0.193168,0.133644,True
802,804,triple,0.1390,1.2200,96,0.372442,0.129972,True
881,883,single,0.1125,1.4590,91,0.156875,0.13169999999999998,True
881,883,single,0.1175,1.3965,91,0.16929999999999998,0.12994285714285714,True
881,883,single,0.1220,1.4000,91,0.15844285714285714,0.13122857142857142,True
881,883,single,0.1265,1.3765,91,0.1572,0.13128571428571428,True
881,883,single,0.1315,1.4035,91,0.1553857142857143,0.13175714285714288,True
881,883,single,0.1360,1.3630,91,0.16964285714285715,0.12997142857142857,True
881,883,triple,0.1200,1.7665,94,0.4781307692307692,0.13134615384615383,True
881,883,triple,0.1240,1.6935,94,0.42835,0.13602999999999998,True
881,883,triple,0.1285,1.6960,94,0.43613,0.13601000000000002,True
881,883,triple,0.1330,1.7165,94,0.43479999999999996,0.13601000000000002,True
881,883,triple,0.1375,1.6610,94,0.44296,0.13589,True
881,883,triple,0.1420,1.6140,94,0.32947000000000004,0.13571,True
881,883,triple,0.1460,1.6025,94,0.33805,0.1358,True
881,883,triple,0.1505,1.6005,94,0.3406,0.13599,True
881,883,triple,0.1550,1.5785,94,0.35097,0.13503,True
881,883,triple,0.1595,1.5865,94,0.34795000000000004,0.13578,True
881,883,triple,0.1640,1.5660,94,0.33987,0.13557,True
881,883,triple,0.1680,1.5590,94,0.34686999999999996,0.13575,True
918,920,single,0.1255,1.2990,91,0.12309090909090908,0.13397272727272727,True
1466,1468,triple,0.1320,1.8030,91,0.12892692307692308,0.13790384615384615,True
1466,1468,triple,0.1400,1.6875,91,0.12943846153846156,0.1342846153846154,True
1466,1468,triple,0.1805,1.4285,99,0.12732058823529413,0.14620588235294119,True
1473,1475,triple,0.1185,2.0690,92,0.408214,0.12345,True
1473,1475,triple,0.1275,1.9565,92,0.263354,0.128454,True
